Postcode,Region
1579,Central & Northern Sydney
2000,Central & Northern Sydney
2001,Central & Northern Sydney
2002,Central & Northern Sydney
2003,Central & Northern Sydney
2004,Central & Northern Sydney
2005,Central & Northern Sydney
2006,Central & Northern Sydney
2007,Central & Northern Sydney
2008,Central & Northern Sydney
2009,Central & Northern Sydney
2010,Central & Northern Sydney
2011,Central & Northern Sydney
2012,Central & Northern Sydney
2013,Central & Northern Sydney
2014,Central & Northern Sydney
2015,Central & Northern Sydney
2016,Central & Northern Sydney
2017,Central & Northern Sydney
2018,Central & Northern Sydney
2019,Central & Northern Sydney
2020,Southern & South Western Sydney
2021,Central & Northern Sydney
2022,Central & Northern Sydney
2023,Central & Northern Sydney
2024,Central & Northern Sydney
2025,Central & Northern Sydney
2026,Central & Northern Sydney
2027,Central & Northern Sydney
2028,Central & Northern Sydney
2029,Central & Northern Sydney
2030,Central & Northern Sydney
2031,Central & Northern Sydney
2032,Central & Northern Sydney
2033,Central & Northern Sydney
2034,Central & Northern Sydney
2035,Central & Northern Sydney
2036,Central & Northern Sydney
2037,Central & Northern Sydney
2038,Western Sydney & Blue Mountains
2039,Western Sydney & Blue Mountains
2040,Western Sydney & Blue Mountains
2041,Western Sydney & Blue Mountains
2042,Central & Northern Sydney
2043,Central & Northern Sydney
2044,Central & Northern Sydney
2045,Western Sydney & Blue Mountains
2046,Western Sydney & Blue Mountains
2047,Western Sydney & Blue Mountains
2048,Central & Northern Sydney
2049,Southern & South Western Sydney
2050,Central & Northern Sydney
2052,Central & Northern Sydney
2053,Central & Northern Sydney
2054,Central & Northern Sydney
2055,Central & Northern Sydney
2056,Central & Northern Sydney
2057,Central & Northern Sydney
2058,Central & Northern Sydney
2059,Central & Northern Sydney
2060,Central & Northern Sydney
2061,Central & Northern Sydney
2062,Central & Northern Sydney
2063,Central & Northern Sydney
2064,Central & Northern Sydney
2065,Central & Northern Sydney
2066,Central & Northern Sydney
2067,Central & Northern Sydney
2068,Central & Northern Sydney
2069,Central & Northern Sydney
2070,Central & Northern Sydney
2071,Central & Northern Sydney
2072,Central & Northern Sydney
2073,Central & Northern Sydney
2074,Central & Northern Sydney
2075,Central & Northern Sydney
2076,Central & Northern Sydney
2077,Central & Northern Sydney
2078,Central & Northern Sydney
2079,Central & Northern Sydney
2080,Central & Northern Sydney
2081,Central & Northern Sydney
2082,Central & Northern Sydney
2083,Central & Northern Sydney
2084,Central & Northern Sydney
2085,Central & Northern Sydney
2086,Central & Northern Sydney
2087,Central & Northern Sydney
2088,Central & Northern Sydney
2089,Central & Northern Sydney
2090,Central & Northern Sydney
2091,Central & Northern Sydney
2092,Central & Northern Sydney
2093,Central & Northern Sydney
2094,Central & Northern Sydney
2095,Central & Northern Sydney
2096,Central & Northern Sydney
2097,Central & Northern Sydney
2098,Central & Northern Sydney
2099,Central & Northern Sydney
2100,Central & Northern Sydney
2101,Central & Northern Sydney
2102,Central & Northern Sydney
2103,Central & Northern Sydney
2104,Central & Northern Sydney
2105,Central & Northern Sydney
2106,Central & Northern Sydney
2107,Central & Northern Sydney
2108,Central & Northern Sydney
2109,Central & Northern Sydney
2110,Central & Northern Sydney
2111,Central & Northern Sydney
2112,Central & Northern Sydney
2113,Central & Northern Sydney
2114,Central & Northern Sydney
2115,Western Sydney & Blue Mountains
2116,Western Sydney & Blue Mountains
2117,Western Sydney & Blue Mountains
2118,Western Sydney & Blue Mountains
2119,Central & Northern Sydney
2120,Central & Northern Sydney
2121,Central & Northern Sydney
2122,Central & Northern Sydney
2123,Western Sydney & Blue Mountains
2124,Western Sydney & Blue Mountains
2125,Western Sydney & Blue Mountains
2126,Central & Northern Sydney
2127,Western Sydney & Blue Mountains
2128,Western Sydney & Blue Mountains
2130,Southern & South Western Sydney
2131,Southern & South Western Sydney
2132,Southern & South Western Sydney
2133,Southern & South Western Sydney
2134,Southern & South Western Sydney
2135,Southern & South Western Sydney
2136,Southern & South Western Sydney
2137,Western Sydney & Blue Mountains
2138,Western Sydney & Blue Mountains
2139,Western Sydney & Blue Mountains
2140,Western Sydney & Blue Mountains
2141,Southern & South Western Sydney
2142,Western Sydney & Blue Mountains
2143,Southern & South Western Sydney
2144,Western Sydney & Blue Mountains
2145,Western Sydney & Blue Mountains
2146,Western Sydney & Blue Mountains
2147,Western Sydney & Blue Mountains
2148,Western Sydney & Blue Mountains
2149,Western Sydney & Blue Mountains
2150,Western Sydney & Blue Mountains
2151,Western Sydney & Blue Mountains
2152,Western Sydney & Blue Mountains
2153,Western Sydney & Blue Mountains
2154,Western Sydney & Blue Mountains
2155,Western Sydney & Blue Mountains
2156,Western Sydney & Blue Mountains
2157,Western Sydney & Blue Mountains
2158,Western Sydney & Blue Mountains
2159,Central & Northern Sydney
2160,Western Sydney & Blue Mountains
2161,Southern & South Western Sydney
2162,Southern & South Western Sydney
2163,Southern & South Western Sydney
2164,Southern & South Western Sydney
2165,Southern & South Western Sydney
2166,Southern & South Western Sydney
2167,Southern & South Western Sydney
2168,Southern & South Western Sydney
2169,Southern & South Western Sydney
2170,Southern & South Western Sydney
2171,Southern & South Western Sydney
2172,Southern & South Western Sydney
2173,Southern & South Western Sydney
2174,Southern & South Western Sydney
2175,Southern & South Western Sydney
2176,Southern & South Western Sydney
2177,Southern & South Western Sydney
2178,Southern & South Western Sydney
2179,Southern & South Western Sydney
2190,Southern & South Western Sydney
2191,Southern & South Western Sydney
2192,Southern & South Western Sydney
2193,Southern & South Western Sydney
2194,Southern & South Western Sydney
2195,Southern & South Western Sydney
2196,Southern & South Western Sydney
2197,Southern & South Western Sydney
2198,Southern & South Western Sydney
2199,Southern & South Western Sydney
2200,Southern & South Western Sydney
2201,Southern & South Western Sydney
2202,Southern & South Western Sydney
2203,Southern & South Western Sydney
2204,Central & Northern Sydney
2205,Southern & South Western Sydney
2206,Southern & South Western Sydney
2207,Southern & South Western Sydney
2208,Southern & South Western Sydney
2209,Southern & South Western Sydney
2210,Southern & South Western Sydney
2211,Southern & South Western Sydney
2212,Southern & South Western Sydney
2213,Southern & South Western Sydney
2214,Southern & South Western Sydney
2215,Southern & South Western Sydney
2216,Southern & South Western Sydney
2217,Southern & South Western Sydney
2218,Southern & South Western Sydney
2219,Southern & South Western Sydney
2220,Southern & South Western Sydney
2221,Southern & South Western Sydney
2222,Southern & South Western Sydney
2223,Southern & South Western Sydney
2224,Southern & South Western Sydney
2225,Southern & South Western Sydney
2226,Southern & South Western Sydney
2227,Southern & South Western Sydney
2228,Southern & South Western Sydney
2229,Southern & South Western Sydney
2230,Southern & South Western Sydney
2231,Southern & South Western Sydney
2232,Southern & South Western Sydney
2233,Southern & South Western Sydney
2234,Southern & South Western Sydney
2250,Hunter & Central Coast
2251,Hunter & Central Coast
2252,Hunter & Central Coast
2253,Hunter & Central Coast
2254,Hunter & Central Coast
2255,Hunter & Central Coast
2256,Hunter & Central Coast
2257,Hunter & Central Coast
2258,Hunter & Central Coast
2259,Hunter & Central Coast
2260,Hunter & Central Coast
2261,Hunter & Central Coast
2262,Hunter & Central Coast
2263,Hunter & Central Coast
2264,Hunter & Central Coast
2265,Hunter & Central Coast
2266,Hunter & Central Coast
2267,Hunter & Central Coast
2268,Hunter & Central Coast
2269,Hunter & Central Coast
2270,Hunter & Central Coast
2271,Hunter & Central Coast
2272,Hunter & Central Coast
2273,Hunter & Central Coast
2274,Hunter & Central Coast
2275,Hunter & Central Coast
2276,Hunter & Central Coast
2277,Hunter & Central Coast
2278,Hunter & Central Coast
2279,Hunter & Central Coast
2280,Hunter & Central Coast
2281,Hunter & Central Coast
2282,Hunter & Central Coast
2283,Hunter & Central Coast
2284,Hunter & Central Coast
2285,Hunter & Central Coast
2286,Hunter & Central Coast
2287,Hunter & Central Coast
2288,Hunter & Central Coast
2289,Hunter & Central Coast
2290,Hunter & Central Coast
2291,Hunter & Central Coast
2292,Hunter & Central Coast
2293,Hunter & Central Coast
2294,Hunter & Central Coast
2295,Hunter & Central Coast
2296,Hunter & Central Coast
2297,Hunter & Central Coast
2298,Hunter & Central Coast
2299,Hunter & Central Coast
2300,Hunter & Central Coast
2301,Hunter & Central Coast
2302,Hunter & Central Coast
2303,Hunter & Central Coast
2304,Hunter & Central Coast
2305,Hunter & Central Coast
2306,Hunter & Central Coast
2307,Hunter & Central Coast
2308,Hunter & Central Coast
2309,Hunter & Central Coast
2310,Hunter & Central Coast
2311,Hunter & Central Coast
2312,North Coast & Mid North Coast
2313,Hunter & Central Coast
2314,Hunter & Central Coast
2315,Hunter & Central Coast
2316,Hunter & Central Coast
2317,Hunter & Central Coast
2318,Hunter & Central Coast
2319,Hunter & Central Coast
2320,Hunter & Central Coast
2321,Hunter & Central Coast
2322,Hunter & Central Coast
2323,Hunter & Central Coast
2324,Hunter & Central Coast
2325,Hunter & Central Coast
2326,Hunter & Central Coast
2327,Hunter & Central Coast
2328,Hunter & Central Coast
2329,Hunter & Central Coast
2330,Hunter & Central Coast
2331,Hunter & Central Coast
2332,Hunter & Central Coast
2333,Hunter & Central Coast
2334,Hunter & Central Coast
2335,Hunter & Central Coast
2336,Hunter & Central Coast
2337,Hunter & Central Coast
2338,Hunter & Central Coast
2339,Hunter & Central Coast
2340,New England
2341,New England
2342,New England
2343,New England
2344,New England
2345,New England
2346,New England
2347,New England
2348,New England
2349,New England
2350,New England
2351,New England
2352,New England
2353,New England
2354,New England
2355,New England
2356,New England
2357,New England
2358,New England
2359,New England
2360,New England
2361,New England
2362,New England
2363,New England
2364,New England
2365,New England
2366,New England
2367,New England
2368,New England
2369,New England
2370,New England
2371,New England
2372,New England
2373,New England
2374,New England
2375,New England
2376,New England
2377,New England
2378,New England
2379,New England
2380,New England
2381,New England
2382,New England
2383,New England
2384,New England
2385,New England
2386,Western NSW
2387,Western NSW
2388,New England
2389,New England
2390,New England
2391,New England
2392,New England
2393,New England
2394,New England
2395,New England
2396,New England
2397,New England
2398,New England
2399,New England
2400,New England
2401,New England
2402,New England
2403,New England
2404,New England
2405,New England
2406,New England
2407,New England
2408,New England
2409,New England
2410,New England
2411,New England
2415,Hunter & Central Coast
2416,Hunter & Central Coast
2417,Hunter & Central Coast
2418,Hunter & Central Coast
2419,Hunter & Central Coast
2420,Hunter & Central Coast
2421,Hunter & Central Coast
2422,Hunter & Central Coast
2423,Hunter & Central Coast
2424,Hunter & Central Coast
2425,Hunter & Central Coast
2426,North Coast & Mid North Coast
2427,North Coast & Mid North Coast
2428,North Coast & Mid North Coast
2429,North Coast & Mid North Coast
2430,North Coast & Mid North Coast
2431,North Coast & Mid North Coast
2432,North Coast & Mid North Coast
2433,North Coast & Mid North Coast
2434,North Coast & Mid North Coast
2435,North Coast & Mid North Coast
2436,North Coast & Mid North Coast
2437,North Coast & Mid North Coast
2438,North Coast & Mid North Coast
2439,North Coast & Mid North Coast
2440,North Coast & Mid North Coast
2441,North Coast & Mid North Coast
2442,North Coast & Mid North Coast
2443,North Coast & Mid North Coast
2444,North Coast & Mid North Coast
2445,North Coast & Mid North Coast
2446,North Coast & Mid North Coast
2447,North Coast & Mid North Coast
2448,North Coast & Mid North Coast
2449,North Coast & Mid North Coast
2450,North Coast & Mid North Coast
2451,North Coast & Mid North Coast
2452,North Coast & Mid North Coast
2453,North Coast & Mid North Coast
2454,North Coast & Mid North Coast
2455,North Coast & Mid North Coast
2456,North Coast & Mid North Coast
2460,North Coast & Mid North Coast
2461,North Coast & Mid North Coast
2462,North Coast & Mid North Coast
2463,North Coast & Mid North Coast
2464,North Coast & Mid North Coast
2465,North Coast & Mid North Coast
2466,North Coast & Mid North Coast
2467,North Coast & Mid North Coast
2468,North Coast & Mid North Coast
2469,North Coast & Mid North Coast
2470,North Coast & Mid North Coast
2471,North Coast & Mid North Coast
2472,North Coast & Mid North Coast
2473,North Coast & Mid North Coast
2474,North Coast & Mid North Coast
2475,New England
2476,North Coast & Mid North Coast
2477,North Coast & Mid North Coast
2478,North Coast & Mid North Coast
2479,North Coast & Mid North Coast
2480,North Coast & Mid North Coast
2481,North Coast & Mid North Coast
2482,North Coast & Mid North Coast
2483,North Coast & Mid North Coast
2484,North Coast & Mid North Coast
2485,North Coast & Mid North Coast
2486,North Coast & Mid North Coast
2487,North Coast & Mid North Coast
2488,North Coast & Mid North Coast
2489,North Coast & Mid North Coast
2490,North Coast & Mid North Coast
2500,Illawarra & South East NSW
2501,Illawarra & South East NSW
2502,Illawarra & South East NSW
2503,Illawarra & South East NSW
2504,Illawarra & South East NSW
2505,Illawarra & South East NSW
2506,Illawarra & South East NSW
2507,Illawarra & South East NSW
2508,Illawarra & South East NSW
2509,Illawarra & South East NSW
2510,Illawarra & South East NSW
2511,Illawarra & South East NSW
2512,Illawarra & South East NSW
2513,Illawarra & South East NSW
2514,Illawarra & South East NSW
2515,Illawarra & South East NSW
2516,Illawarra & South East NSW
2517,Illawarra & South East NSW
2518,Illawarra & South East NSW
2519,Illawarra & South East NSW
2520,Illawarra & South East NSW
2521,Illawarra & South East NSW
2522,Illawarra & South East NSW
2523,Illawarra & South East NSW
2524,Illawarra & South East NSW
2525,Illawarra & South East NSW
2526,Illawarra & South East NSW
2527,Illawarra & South East NSW
2528,Illawarra & South East NSW
2529,Illawarra & South East NSW
2530,Illawarra & South East NSW
2531,Illawarra & South East NSW
2532,Illawarra & South East NSW
2533,Illawarra & South East NSW
2534,Illawarra & South East NSW
2535,Illawarra & South East NSW
2536,Illawarra & South East NSW
2537,Illawarra & South East NSW
2538,Illawarra & South East NSW
2539,Illawarra & South East NSW
2540,Illawarra & South East NSW
2541,Illawarra & South East NSW
2542,Illawarra & South East NSW
2543,Illawarra & South East NSW
2544,Illawarra & South East NSW
2545,Illawarra & South East NSW
2546,Illawarra & South East NSW
2547,Illawarra & South East NSW
2548,Illawarra & South East NSW
2549,Illawarra & South East NSW
2550,Illawarra & South East NSW
2551,Illawarra & South East NSW
2555,Southern & South Western Sydney
2556,Southern & South Western Sydney
2557,Southern & South Western Sydney
2558,Southern & South Western Sydney
2559,Southern & South Western Sydney
2560,Southern & South Western Sydney
2563,Southern & South Western Sydney
2564,Southern & South Western Sydney
2565,Southern & South Western Sydney
2566,Southern & South Western Sydney
2567,Southern & South Western Sydney
2568,Southern & South Western Sydney
2569,Southern & South Western Sydney
2570,Southern & South Western Sydney
2571,Southern & South Western Sydney
2572,Southern & South Western Sydney
2573,Southern & South Western Sydney
2574,Southern & South Western Sydney
2575,Illawarra & South East NSW
2576,Illawarra & South East NSW
2577,Illawarra & South East NSW
2578,Illawarra & South East NSW
2579,Illawarra & South East NSW
2580,Illawarra & South East NSW
2581,Illawarra & South East NSW
2582,Illawarra & South East NSW
2583,Illawarra & South East NSW
2584,Illawarra & South East NSW
2585,Riverina
2586,Riverina
2587,Riverina
2588,Riverina
2589,Riverina
2590,Riverina
2591,Riverina
2592,Riverina
2593,Riverina
2594,Riverina
2600,Illawarra & South East NSW
2601,Illawarra & South East NSW
2602,Illawarra & South East NSW
2603,Illawarra & South East NSW
2604,Illawarra & South East NSW
2605,Illawarra & South East NSW
2606,Illawarra & South East NSW
2607,Illawarra & South East NSW
2608,Illawarra & South East NSW
2609,Illawarra & South East NSW
2610,Illawarra & South East NSW
2611,Illawarra & South East NSW
2612,Illawarra & South East NSW
2613,Illawarra & South East NSW
2614,Illawarra & South East NSW
2615,Illawarra & South East NSW
2616,Illawarra & South East NSW
2617,Illawarra & South East NSW
2618,Illawarra & South East NSW
2619,Illawarra & South East NSW
2620,Illawarra & South East NSW
2621,Illawarra & South East NSW
2622,Illawarra & South East NSW
2623,Illawarra & South East NSW
2624,Illawarra & South East NSW
2625,Illawarra & South East NSW
2626,Illawarra & South East NSW
2627,Illawarra & South East NSW
2628,Illawarra & South East NSW
2629,Illawarra & South East NSW
2630,Illawarra & South East NSW
2631,Illawarra & South East NSW
2632,Illawarra & South East NSW
2633,Illawarra & South East NSW
2640,Riverina
2641,Riverina
2642,Riverina
2643,Riverina
2644,Riverina
2645,Riverina
2646,Riverina
2647,Riverina
2648,Riverina
2649,Riverina
2650,Riverina
2651,Riverina
2652,Riverina
2653,Riverina
2654,Riverina
2655,Riverina
2656,Riverina
2657,Riverina
2658,Riverina
2659,Riverina
2660,Riverina
2661,Riverina
2662,Riverina
2663,Riverina
2665,Riverina
2666,Riverina
2667,Riverina
2668,Riverina
2669,Riverina
2671,Western NSW
2672,Western NSW
2675,Riverina
2678,Riverina
2680,Riverina
2681,Riverina
2682,Riverina
2683,Riverina
2684,Riverina
2685,Riverina
2686,Riverina
2687,Riverina
2688,Riverina
2689,Riverina
2690,Riverina
2691,Riverina
2692,Riverina
2693,Riverina
2694,Riverina
2695,Riverina
2696,Riverina
2697,Riverina
2698,Riverina
2699,Riverina
2700,Riverina
2701,Riverina
2702,Riverina
2703,Riverina
2704,Riverina
2705,Riverina
2706,Riverina
2707,Riverina
2708,Riverina
2709,Riverina
2710,Riverina
2711,Riverina
2712,Riverina
2713,Riverina
2714,Riverina
2715,Riverina
2716,Riverina
2717,Riverina
2720,Riverina
2721,Western NSW
2722,Riverina
2723,Riverina
2724,Riverina
2725,Riverina
2726,Riverina
2727,Riverina
2728,Riverina
2729,Riverina
2730,Riverina
2731,Riverina
2732,Riverina
2733,Riverina
2734,Riverina
2735,Riverina
2736,Riverina
2737,Riverina
2738,Riverina
2739,Riverina
2745,Western Sydney & Blue Mountains
2746,Western Sydney & Blue Mountains
2747,Western Sydney & Blue Mountains
2748,Western Sydney & Blue Mountains
2749,Western Sydney & Blue Mountains
2750,Western Sydney & Blue Mountains
2751,Western Sydney & Blue Mountains
2752,Southern & South Western Sydney
2753,Western Sydney & Blue Mountains
2754,Western Sydney & Blue Mountains
2755,Western Sydney & Blue Mountains
2756,Western Sydney & Blue Mountains
2757,Western Sydney & Blue Mountains
2758,Western Sydney & Blue Mountains
2759,Western Sydney & Blue Mountains
2760,Western Sydney & Blue Mountains
2761,Western Sydney & Blue Mountains
2762,Western Sydney & Blue Mountains
2763,Western Sydney & Blue Mountains
2764,Western Sydney & Blue Mountains
2765,Western Sydney & Blue Mountains
2766,Western Sydney & Blue Mountains
2767,Western Sydney & Blue Mountains
2768,Western Sydney & Blue Mountains
2769,Western Sydney & Blue Mountains
2770,Western Sydney & Blue Mountains
2771,Western Sydney & Blue Mountains
2772,Western Sydney & Blue Mountains
2773,Western Sydney & Blue Mountains
2774,Western Sydney & Blue Mountains
2775,Western Sydney & Blue Mountains
2776,Western Sydney & Blue Mountains
2777,Western Sydney & Blue Mountains
2778,Western Sydney & Blue Mountains
2779,Western Sydney & Blue Mountains
2780,Western Sydney & Blue Mountains
2781,Western Sydney & Blue Mountains
2782,Western Sydney & Blue Mountains
2783,Western Sydney & Blue Mountains
2784,Western Sydney & Blue Mountains
2785,Western Sydney & Blue Mountains
2786,Western Sydney & Blue Mountains
2787,Western NSW
2788,Western NSW
2789,Western NSW
2790,Western NSW
2791,Western NSW
2792,Western NSW
2793,Western NSW
2794,Western NSW
2795,Western NSW
2796,Western NSW
2797,Western NSW
2798,Western NSW
2799,Western NSW
2800,Western NSW
2803,Riverina
2804,Western NSW
2805,Western NSW
2806,Western NSW
2807,Riverina
2808,Western NSW
2809,Western NSW
2810,Western NSW
2811,Western NSW
2812,Western NSW
2813,Western NSW
2814,Western NSW
2815,Western NSW
2816,Western NSW
2817,Western NSW
2818,Western NSW
2819,Western NSW
2820,Western NSW
2821,Western NSW
2822,Western NSW
2823,Western NSW
2824,Western NSW
2825,Western NSW
2826,Western NSW
2827,Western NSW
2828,Western NSW
2829,Western NSW
2830,Western NSW
2831,Western NSW
2832,Western NSW
2833,Western NSW
2834,Western NSW
2835,Western NSW
2836,Western NSW
2837,Western NSW
2838,Western NSW
2839,Western NSW
2840,Western NSW
2841,Western NSW
2842,Western NSW
2843,Western NSW
2844,Western NSW
2845,Western NSW
2846,Western NSW
2847,Western NSW
2848,Western NSW
2849,Western NSW
2850,Western NSW
2851,Western NSW
2852,Western NSW
2853,Western NSW
2854,Western NSW
2855,Western NSW
2856,Western NSW
2857,Western NSW
2858,Western NSW
2859,Western NSW
2860,Western NSW
2861,Western NSW
2862,Western NSW
2863,Western NSW
2864,Western NSW
2865,Western NSW
2866,Western NSW
2867,Western NSW
2868,Western NSW
2869,Western NSW
2870,Western NSW
2871,Western NSW
2872,Western NSW
2873,Western NSW
2874,Western NSW
2875,Western NSW
2876,Western NSW
2877,Western NSW
2878,Western NSW
2879,Western NSW
2880,Western NSW
2898,North Coast & Mid North Coast
2899,North Coast & Mid North Coast
2900,Illawarra & South East NSW
2901,Illawarra & South East NSW
2902,Illawarra & South East NSW
2903,Illawarra & South East NSW
2904,Illawarra & South East NSW
2905,Illawarra & South East NSW
2906,Illawarra & South East NSW
2907,Illawarra & South East NSW
2908,Illawarra & South East NSW
2909,Illawarra & South East NSW
2910,Illawarra & South East NSW
2911,Illawarra & South East NSW
2912,Illawarra & South East NSW
2913,Illawarra & South East NSW
2914,Illawarra & South East NSW
3644,Riverina
4383,New England
